Book Id,Title,Author,Author l-f,Additional Authors,ISBN,ISBN13,My Rating,Average Rating,Publisher,Binding,Number of Pages,Year Published,Original Publication Year,Date Read,Date Added,Bookshelves,Bookshelves with positions,Exclusive Shelf,My Review,Spoiler,Private Notes,Read Count,Recommended For,Recommended By,Owned Copies,Original Purchase Date,Original Purchase Location,Condition,Condition Description,BCID
12041966,Robert Oppenheimer: A Life Inside the Center,Ray Monk,"Monk, Ray",,"=""0385504071""","=""9780385504072""",0,4.09,Doubleday,Hardcover,848,2013,2012,,2017/05/09,currently-reading,currently-reading (#2),currently-reading,,,,0,,,0,,,,,
13554058,The Wandering Earth,Liu Cixin,"Cixin, Liu","Kim Fout, C.W. Verbena, Holger Nahm","=""""","=""""",0,3.99,"Beijing Guomi Digital Technology Co., Ltd.",Kindle Edition,45,2012,2005,,2017/04/27,wishlist,wishlist (#15),wishlist,,,,0,,,0,,,,,
18693884,How Not to Be Wrong: The Power of Mathematical Thinking,Jordan Ellenberg,"Ellenberg, Jordan",,"=""1594205221""","=""9781594205224""",0,3.92,Penguin Press,Hardcover,480,2014,2014,,2017/04/26,wishlist,wishlist (#14),wishlist,,,,0,,,0,,,,,
25451264,"Death's End (Remembrance of Earth’s Past, #3)",Liu Cixin,"Cixin, Liu",Ken Liu,"=""0765377101""","=""9780765377104""",0,4.47,TOR,Hardcover,604,2016,2010,,2017/04/08,currently-reading,currently-reading (#1),currently-reading,,,,0,,,0,,,,,
23168817,"The Dark Forest (Remembrance of Earth’s Past, #2)",Liu Cixin,"Cixin, Liu",Joel Martinsen,"=""076537708X""","=""9780765377081""",0,4.38,Tor Books,Hardcover,512,2015,2008,2017/04/08,2017/03/27,,,read,,,,1,,,0,,,,,
20518872,"The Three-Body Problem (Remembrance of Earth’s Past, #1)",Liu Cixin,"Cixin, Liu",Ken Liu,"=""0765377063""","=""9780765377067""",0,4.00,Tor Books,Hardcover,400,2014,2007,2017/03/27,2017/03/08,,,read,,,,1,,,0,,,,,
28439513,A Night Without Stars (Commonwealth),Peter F. Hamilton,"Hamilton, Peter F.",,"=""0345547225""","=""9780345547224""",0,4.42,Del Rey,Hardcover,704,2016,2016,2017/03/08,2017/02/03,,,read,,,,1,,,0,,,,,
60929,"Dawn (Xenogenesis, #1)",Octavia E. Butler,"Butler, Octavia E.",,"=""0446603775""","=""9780446603775""",0,4.10,Warner Books,Paperback,248,1997,1987,,2017/01/23,to-read,to-read (#11),to-read,,,,,,,0,,,,,
222093,City,Clifford D. Simak,"Simak, Clifford D.",,"=""188296828X""","=""9781882968282""",0,4.11,Old Earth Books,Hardcover,251,2008,1952,,2017/01/23,to-read,to-read (#10),to-read,,,,,,,0,,,,,
830,Snow Crash,Neal Stephenson,"Stephenson, Neal",,"=""0553380958""","=""9780553380958""",0,4.02,Bantam Books,Paperback,470,2000,1992,2017/01/06,2016/12/06,,,read,,,,,,,0,,,,,
49789,Building Harlequin's Moon,Larry Niven,"Niven, Larry",Brenda Cooper,"=""0765351293""","=""9780765351296""",0,3.71,Tor Science Fiction,Paperback,501,2006,2005,2016/11/04,2016/10/14,,,read,,,,,,,0,,,,,
20739796,The Stone Man,Luke Smitherd,"Smitherd, Luke",,"=""""","=""""",0,3.63,,Kindle Edition,298,2014,2012,2016/10/12,2016/09/22,,,read,,,,,,,0,,,,,
464609,"Anvil of Stars (Forge of God, #2)",Greg Bear,"Bear, Greg",,"=""0446364037""","=""9780446364034""",0,3.90,Warner Books,Paperback,471,1993,1992,2016/09/21,2016/08/26,,,read,,,,,,,0,,,,,
64732,"The Forge of God (Forge of God, #1)",Greg Bear,"Bear, Greg",,"=""0765301075""","=""9780765301079""",0,3.86,Tor Books,Paperback,474,2001,1987,2016/08/26,2016/08/11,,,read,,,,,,,0,,,,,
25898503,War Factory (Transformation #2),Neal Asher,"Asher, Neal",,"=""1597808342""","=""9781597808347""",0,4.24,Night Shade Books,Hardcover,454,2016,2016,2016/08/11,2016/07/12,,,read,,,,,,,0,,,,,
22859850,"Dark Intelligence (Transformation, #1)",Neal Asher,"Asher, Neal",,"=""1597808245""","=""9781597808248""",0,4.04,Night Shade Books,Hardcover,402,2015,2015,,2016/07/12,,,read,,,,,,,0,,,,,
28954329,Ephialtes,Gavin E. Parker,"Parker, Gavin E.",,"=""""","=""""",0,4.13,CreateSpace Independent Publishing Platform,Paperback,470,2016,2015,,2016/06/29,to-read,to-read (#9),to-read,,,,,,,0,,,,,
23595481,"Chaos Station (Chaos Station, #1)",Jenn Burke,"Burke, Jenn",Kelly   Jensen,"=""""","=""""",0,3.93,Carina Press,Kindle Edition,220,2015,2015,,2016/06/28,wishlist,wishlist (#13),wishlist,,,,,,,0,,,,,
12842868,"Tech-Heaven (The Nanotech Succession, #0)",Linda Nagata,"Nagata, Linda",,"=""1937197018""","=""9781937197018""",0,3.65,Mythic Island Press LLC,Paperback,388,2011,1995,,2016/06/28,wishlist,wishlist (#12),wishlist,,,,,,,0,,,,,
26118426,Ninefox Gambit (The Machineries of Empire #1),Yoon Ha Lee,"Lee, Yoon Ha",,"=""""","=""""",0,3.95,Solaris Books,Paperback,384,2016,2016,,2016/06/26,wishlist,wishlist (#11),wishlist,,,,,,,0,,,,,
16690,The Moon is a Harsh Mistress,Robert A. Heinlein,"Heinlein, Robert A.",,"=""0340837942""","=""9780340837948""",0,4.17,Hodder & Stoughton,Paperback,288,2005,1966,2016/06/07,2016/05/25,,,read,,,,,,,0,,,,,
15698479,"The Human Division (Old Man's War, #5)",John Scalzi,"Scalzi, John",,"=""0765333511""","=""9780765333513""",0,4.07,Tor Books,Hardcover,431,2013,2013,2016/05/25,2016/05/18,,,read,,,,,,,0,,,,,
2102600,"Zoe's Tale (Old Man's War, #4)",John Scalzi,"Scalzi, John",,"=""0765316986""","=""9780765316981""",0,3.73,Tor Books,Hardcover,335,2008,2008,2016/05/18,2016/05/01,,,read,,,,,,,0,,,,,
88071,The Last Colony (Old Man's War #3),John Scalzi,"Scalzi, John",,"=""0765316978""","=""9780765316974""",0,4.03,Tor Books,Hardcover,320,2007,2007,2016/05/02,2016/04/13,,,read,,,,,,,0,,,,,
239399,"The Ghost Brigades (Old Man's War, #2)",John Scalzi,"Scalzi, John",,"=""0765354063""","=""9780765354068""",0,4.09,Tor Science Fiction,Mass Market Paperback,347,2007,2006,2016/04/13,2016/04/06,,,read,,,,,,,0,,,,,
51964,"Old Man's War (Old Man's War, #1)",John Scalzi,"Scalzi, John",,"=""0765348276""","=""9780765348272""",0,4.23,Tor Books,Mass Market Paperback,351,2007,2005,2016/04/06,2016/03/28,,,read,,,,,,,0,,,,,
25659450,Arkwright,Allen Steele,"Steele, Allen",,"=""0765382156""","=""9780765382153""",0,3.66,Tor Books,Hardcover,336,2016,2016,2017/01/09,2016/02/29,,,read,,,,,,,0,,,,,
22738693,The Medusa Chronicles,Stephen Baxter,"Baxter, Stephen",Alastair Reynolds,"=""1473210186""","=""9781473210189""",0,3.79,Gollancz,Hardcover,326,2016,2016,,2016/01/27,to-read,to-read (#8),to-read,,,,,,,0,,,,,
23594693,A Meeting with Medusa,Arthur C. Clarke,"Clarke, Arthur C.",,"=""""","=""""",0,3.64,,,,1971,1971,,2016/01/27,to-read,to-read (#7),to-read,,,,,,,0,,,,,
8849505,Paranormality: Why We See What Isn't There,Richard Wiseman,"Wiseman, Richard",,"=""0230752985""","=""9780230752986""",0,4.01,Macmillan,Paperback,341,2011,2010,2016/03/09,2016/01/20,,,read,,,,,,,0,,,,,
1397301,The Sails Of Tau Ceti,Michael McCollum,"McCollum, Michael",,"=""192938114X""","=""9781929381142""",0,3.72,,,,,1992,2015/12/04,2015/11/22,,,read,,,,,,,0,,,,,
19127186,The Gift,Dave  Donovan,"Donovan, Dave",,"=""""","=""""",0,3.63,47North,Kindle Edition,356,2013,2013,2015/11/22,2015/11/12,,,read,,,,,,,0,,,,,
23164927,The Fold,Peter Clines,"Clines, Peter",,"=""0553418297""","=""9780553418293""",0,3.82,Crown,Hardcover,384,2015,2015,2015/11/12,2015/11/03,,,read,,,,,,,0,,,,,
23197269,Aurora,Kim Stanley Robinson,"Robinson, Kim Stanley",,"=""0316098108""","=""9780316098106""",0,3.73,Orbit,Hardcover,466,2015,2015,2015/11/03,2015/10/13,,,read,,,,,,,0,,,,,
893590,"Diamond Dogs, Turquoise Days",Alastair Reynolds,"Reynolds, Alastair",,"=""0575075163""","=""9780575075160""",0,3.95,Gollancz,Paperback,231,2003,2003,2015/10/13,2015/10/11,,,read,,,,,,,0,,,,,
18007564,The Martian,Andy Weir,"Weir, Andy",,"=""0804139024""","=""9780804139021""",0,4.39,Crown,Hardcover,369,2014,2014,2015/10/06,2015/09/24,,,read,,,,,,,0,,,,,
166997,Stoner,John  Williams,"Williams, John",John McGahern,"=""1590171993""","=""9781590171998""",0,4.27,NYRB Classics,Paperback,278,2006,1965,2016/01/14,2015/09/21,,,read,,,,,,,0,,,,,
237171,Birthright: The Book of Man  (Birthright #2),Mike Resnick,"Resnick, Mike",,"=""1570900442""","=""9781570900440""",0,3.98,Farthest Star,Paperback,287,1997,1982,,2015/08/11,,,read,,,,,,,0,,,,,
9359796,"Vortex (Spin, #3)",Robert Charles Wilson,"Wilson, Robert Charles",,"=""0765323427""","=""9780765323422""",0,3.71,Tor Books,Hardcover,331,2011,2011,,2015/08/11,,,read,,,,,,,0,,,,,
116410,"Axis (Spin, #2)",Robert Charles Wilson,"Wilson, Robert Charles",,"=""0765309394""","=""9780765309396""",0,3.48,Tor Books,Hardcover,304,2007,2007,2015/08/11,2015/05/28,,,read,,,,,,,0,,,,,
116412,Blind Lake,Robert Charles Wilson,"Wilson, Robert Charles",,"=""0765341603""","=""9780765341600""",0,3.66,Tor Books,Mass Market Paperback,400,2004,2003,,2015/05/07,wishlist,wishlist (#10),wishlist,,,,,,,0,,,,,
148450,"The Boy Who Would Live Forever: A Novel of Gateway (Heechee Saga, #6)",Frederik Pohl,"Pohl, Frederik",,"=""0765349353""","=""9780765349354""",0,3.57,Tor Books,Paperback,480,2005,1990,2015/05/07,2015/04/13,,,read,,,,,,,0,,,,,
77463,"The Annals of the Heechee (Heechee Saga, #4)",Frederik Pohl,"Pohl, Frederik",,"=""0345325664""","=""9780345325662""",0,3.76,Ballantine Books Inc.,Mass Market Paperback,341,1988,1987,2015/04/13,2015/03/24,,,read,,,,,,,0,,,,,
77462,"Heechee Rendezvous (Heechee Saga, #3)",Frederik Pohl,"Pohl, Frederik",,"=""0345300556""","=""9780345300553""",0,3.84,Del Rey Books,Paperback,352,1985,1984,2015/03/24,2015/03/17,,,read,,,,,,,0,,,,,
373399,"Beyond the Blue Event Horizon (Heechee Saga, #2)",Frederik Pohl,"Pohl, Frederik",,"=""0345446674""","=""9780345446671""",0,3.94,Ballantine Books,Paperback,336,2000,1980,2015/03/17,2015/03/02,,,read,,,,,,,0,,,,,
218427,"Gateway (Heechee Saga, #1)",Frederik Pohl,"Pohl, Frederik",,"=""0345475836""","=""9780345475831""",0,4.07,Del Rey,Paperback,278,2004,1977,2015/03/02,2015/02/22,,,read,,,,,,,0,,,,,
150731,Alan Turing: The Enigma,Andrew Hodges,"Hodges, Andrew",Douglas R. Hofstadter,"=""0802775802""","=""9780802775801""",0,3.78,Walker Books,Paperback,608,2000,1983,,2015/02/11,wishlist,wishlist (#9),wishlist,,,,,,,0,,,,,
77504,"Blue Mars (Mars Trilogy, #3)",Kim Stanley Robinson,"Robinson, Kim Stanley",,"=""0553573357""","=""9780553573350""",0,3.91,Spectra,Paperback,761,1997,1996,,2015/01/28,,,read,,,,,,,0,,,,,
18520859,Titans,Edward W. Robertson,"Robertson, Edward W.",,"=""""","=""""",0,3.62,,Kindle Edition,284,2013,2011,2016/12/06,2015/01/21,,,read,,,,,,,0,,,,,
22566044,"Fluency (Confluence, #1)",Jennifer Foehner Wells,"Wells, Jennifer Foehner",,"=""""","=""""",0,3.80,Blue Bedlam Science Fiction,Kindle Edition,377,2014,2014,2015/01/28,2015/01/21,,,read,,,,,,,0,,,,,
20632979,Ultima,Stephen Baxter,"Baxter, Stephen",,"=""0575116870""","=""9780575116870""",0,3.62,Gollancz,Hardcover,560,2014,2014,2015/09/24,2015/01/05,,,read,,,,,,,0,,,,,
21097454,"Poseidon's Wake (Poseidon's Children, #3)",Alastair Reynolds,"Reynolds, Alastair",,"=""0575090499""","=""9780575090491""",0,3.76,Gollancz,Hardcover,598,2015,2015,2016/03/28,2015/01/05,,,read,,,,,,,0,,,,,
17239381,"Jupiter War (Owner Trilogy, #3)",Neal Asher,"Asher, Neal",,"=""1597804932""","=""9781597804936""",0,4.05,Night Shade Books,Paperback,356,2014,2013,2015/01/21,2014/12/22,,,read,,,,,,,0,,,,,
15775601,"Zero Point (Owner Trilogy, #2)",Neal Asher,"Asher, Neal",,"=""0230750702""","=""9780230750708""",0,4.03,Tor,Hardcover,564,2012,2012,,2014/12/18,,,read,,,,,,,0,,,,,
23811731,The Snow Queen,Hans Christian Andersen,"Andersen, Hans Christian",Julia Whelan,"=""""","=""""",0,3.76,Audible Studios,Audible Audio,2,2014,1844,2014/12/21,2014/12/17,,,read,,,,,,,0,,,,,
472331,Watchmen,Alan Moore,"Moore, Alan","Dave Gibbons, John Higgins","=""0930289234""","=""9780930289232""",0,4.34,DC Comics,Paperback,416,2005,1987,2014/12/22,2014/12/16,,,read,,,,,,,0,,,,,
393898,The Logic of Failure: Recognizing and Avoiding Error in Complex Situations,Dietrich Dörner,"Dörner, Dietrich","Robert Kimber, Rita Kimber","=""0201479486""","=""9780201479485""",0,3.94,Basic Books,Paperback,240,1997,1996,,2014/10/14,wishlist,wishlist (#8),wishlist,,,,,,,0,,,,,
453966,Far Futures,Gregory Benford,"Benford, Gregory",,"=""0312863799""","=""9780312863791""",0,3.81,Tor Books,Paperback,352,1997,1995,2014/11/05,2014/10/07,,,read,,,,,,,0,,,,,
20706230,War Dogs,Greg Bear,"Bear, Greg",,"=""0316072834""","=""9780316072830""",0,3.34,Orbit,Hardcover,304,2014,2014,,2014/09/30,wishlist,wishlist (#7),wishlist,,,,,,,0,,,,,
20697413,The Abyss Beyond Dreams,Peter F. Hamilton,"Hamilton, Peter F.",,"=""0345547195""","=""9780345547194""",0,4.21,Del Rey,Hardcover,640,2014,2014,2017/02/03,2014/09/30,,,read,,,,,,,0,,,,,
6462796,"Orbus (Spatterjay, #3)",Neal Asher,"Asher, Neal",,"=""0230708722""","=""9780230708723""",0,4.15,Tor Books,Hardcover,352,2009,2009,2014/10/08,2014/09/20,,,read,,,,,,,0,,,,,
10648878,"The Departure (Owner Trilogy, #1)",Neal Asher,"Asher, Neal",,"=""0230708730""","=""9780230708730""",0,3.80,Tor,Hardcover,498,2011,2011,2014/12/18,2014/09/09,,,read,,,,,,,0,,,,,
378724,"Crossover (Cassandra Kresnov, #1)",Joel Shepherd,"Shepherd, Joel",,"=""1591024439""","=""9781591024439""",0,3.83,Pyr,Paperback,459,2006,2001,,2014/09/09,to-read,to-read (#6),to-read,,,,,,,0,,,,,
511229,"The Voyage of the Sable Keech (Spatterjay, #2)",Neal Asher,"Asher, Neal",,"=""0330411608""","=""9780330411608""",0,4.04,"Trans-Atlantic Publications, Inc.",Paperback,584,2006,2006,2014/09/20,2014/09/04,,,read,,,,,,,0,,,,,
21975672,The World at the End of Time,Frederik Pohl,"Pohl, Frederik",William Dufris,"=""""","=""""",0,4.02,Audible Studios,Audible Audio,,2014,1990,2014/07/18,2014/06/20,,,read,,,,,,,0,,,,,
18339206,Marauder,Gary Gibson,"Gibson, Gary",,"=""0230748902""","=""9780230748903""",0,3.82,Tor,Hardcover,384,2013,2013,2014/08/10,2014/06/14,,,read,,,,,,,0,,,,,
89195,The Prefect,Alastair Reynolds,"Reynolds, Alastair",,"=""0575077166""","=""9780575077164""",0,4.14,Gollancz,Hardcover,410,2007,2007,2014/06/14,2014/05/13,,,read,,,,,,,0,,,,,
357697,Angel Stations,Gary Gibson,"Gibson, Gary",,"=""0330420178""","=""9780330420174""",0,3.49,Tor Books,Paperback,551,2005,2004,2014/12/26,2014/03/19,,,read,,,,,,,0,,,,,
185827,Newton's Wake: A Space Opera,Ken MacLeod,"MacLeod, Ken",,"=""076534422X""","=""9780765344229""",0,3.59,Tor Science Fiction,Paperback,352,2005,2004,,2014/03/08,to-read,to-read (#5),to-read,,,,,,,0,,,,,
240297,"The Skinner (Spatterjay, #1)",Neal Asher,"Asher, Neal",,"=""0765350483""","=""9780765350480""",0,4.12,Tor Science Fiction,Paperback,432,2005,2002,2014/09/04,2014/01/31,,,read,,,,,,,0,,,,,
167845,"The Peace War (Across Realtime, #1)",Vernor Vinge,"Vinge, Vernor",,"=""0765308835""","=""9780765308832""",0,3.95,Tor Books,Paperback,304,2003,1984,,2014/01/31,to-read,to-read (#4),to-read,,,,,,,0,,,,,
98046,"Gridlinked (Agent Cormac #1, Polity Universe #3)",Neal Asher,"Asher, Neal",,"=""0765349051""","=""9780765349057""",0,3.95,Tor Science Fiction,Paperback,423,2004,2001,,2014/01/31,to-read,to-read (#3),to-read,,,,,,,0,,,,,
910863,"Spin (Spin, #1)",Robert Charles Wilson,"Wilson, Robert Charles",,"=""076534825X""","=""9780765348258""",0,4.01,Tor Science Fiction,Mass Market Paperback,458,2006,2005,2015/05/28,2014/01/09,,,read,,,,,,,0,,,,,
14762236,The Thousand Emperors,Gary Gibson,"Gibson, Gary",,"=""0230748783""","=""9780230748781""",0,3.88,Tor,Hardcover,384,2012,2012,2014/05/05,2014/01/08,,,read,,,,,,,0,,,,,
16114166,Dr. Zukaroffs Testamente,Peter Lund Madsen,"Madsen, Peter Lund",,"=""870206393X""","=""9788702063936""",0,3.93,Gyldendal,Hardcover,549,2012,2012,2014/06/14,2014/01/08,,,read,,,,,,,0,,,,,
11302083,Final Days,Gary Gibson,"Gibson, Gary",,"=""0230748775""","=""9780230748774""",0,3.64,Tor Books,Hardcover,372,2011,2011,2014/03/19,2013/12/25,,,read,,,,,,,0,,,,,
13538762,"The Rapture of the Nerds: A tale of the singularity, posthumanity, and awkward social situations",Cory Doctorow,"Doctorow, Cory",Charles Stross,"=""0765329107""","=""9780765329103""",0,3.37,Tor Books,Hardcover,351,2012,2012,,2013/12/25,wishlist,wishlist (#6),wishlist,,,,,,,0,,,,,
18040879,Det gennemsnitlige menneske,Morten Albæk,"Albæk, Morten",Stig Matthiesen,"=""""","=""9788702129434""",3,3.39,Gyldendal Business,Paperback,,2013,2013,2017/05/02,2013/12/25,,,read,,,,1,,,0,,,,,
18782847,Måske kan jeg blive diktator,Mikal Hem,"Hem, Mikal",,"=""""","=""9788771292336""",0,3.52,Klim,,167,2013,,2015/09/18,2013/12/25,,,read,,,,,,,0,,,,,
2428489,God Is Not Great: How Religion Poisons Everything,Christopher Hitchens,"Hitchens, Christopher",,"=""1843545748""","=""9781843545743""",0,3.95,Twelve Books,Paperback,307,2007,2007,2015/02/24,2013/12/25,,,read,,,,,,,0,,,,,
7234921,"Earth Strike (Star Carrier, #1)",Ian Douglas,"Douglas, Ian",,"=""0061840254""","=""9780061840258""",0,3.75,Harper Voyager,Paperback,368,2010,2010,,2013/12/17,wishlist,wishlist (#5),wishlist,,,,,,,0,,,,,
17983396,Proxima,Stephen Baxter,"Baxter, Stephen",,"=""0575116838""","=""9780575116832""",0,3.81,Gollancz,Hardcover,456,2013,2013,2015/09/01,2013/12/07,,,read,,,,,,,0,,,,,
21620,"Forever Free (The Forever War, #3)",Joe Haldeman,"Haldeman, Joe",,"=""1857989317""","=""9781857989311""",0,3.38,Millennium,Paperback,277,2000,1999,,2013/12/02,wishlist,wishlist (#4),wishlist,,,,,,,0,,,,,
15999018,"On the Steel Breeze (Poseidon's Children, #2)",Alastair Reynolds,"Reynolds, Alastair",,"=""0575090456""","=""9780575090453""",0,4.02,Gollancz,Hardcover,496,2013,2013,2016/02/22,2013/12/02,,,read,,,,,,,0,,,,,
9424053,"Blue Remembered Earth (Poseidon's Children, #1)",Alastair Reynolds,"Reynolds, Alastair",,"=""0575088273""","=""9780575088276""",0,3.87,Orion Publishing Group,Hardcover,512,2012,2012,2016/01/22,2013/12/02,,,read,,,,,,,0,,,,,
2037640,Strider's Universe (Strider Chronicles),Paul   Barnett,"Barnett, Paul",John Grant,"=""1857236017""","=""9781857236019""",0,3.44,,,,,,,2013/11/07,,,read,,,,,,,0,,,,,
758275,Night's Pawn,Tom Dowd,"Dowd, Tom",,"=""0140233490""","=""9780140233490""",0,3.88,ROC,Paperback,284,1993,1993,,2013/11/07,,,read,,,,,,,0,,,,,
818449,"Paradox (The Nulapeiron Sequence, 1)",John Meaney,"Meaney, John",,"=""1591024978""","=""9781591024972""",0,3.73,Pyr,Paperback,492,2006,2001,,2013/11/07,,,read,,,,,,,0,,,,,
969131,The Instrumentality of Mankind (Instrumentality of Mankind),Cordwainer Smith,"Smith, Cordwainer",,"=""0345277163""","=""9780345277169""",0,4.11,Del Rey / Ballantine,Mass Market Paperback,238,1979,1974,,2013/10/14,wishlist,wishlist (#3),wishlist,,,,,,,0,,,,,
89190,Redemption Ark,Alastair Reynolds,"Reynolds, Alastair",,"=""044101173X""","=""9780441011735""",0,4.13,Ace Books,Mass Market Paperback,694,2004,2003,2013/09/16,2013/06/10,,,read,,,,,,,0,,,,,
89192,Century Rain,Alastair Reynolds,"Reynolds, Alastair",,"=""0441013074""","=""9780441013074""",0,3.90,Ace,Paperback,640,2006,2004,2014/02/25,2013/06/10,,,read,,,,,,,0,,,,,
4332905,"The Seeds of Earth (Humanity's Fire, #1)",Michael Cobley,"Cobley, Michael",,"=""1841496324""","=""9781841496320""",0,3.41,Orbit,Paperback,400,2009,2009,,2013/06/10,wishlist,wishlist (#2),wishlist,,,,,,,0,,,,,
8855321,"Leviathan Wakes (The Expanse, #1)",James S.A. Corey,"Corey, James S.A.",,"=""1841499889""","=""9781841499888""",0,4.19,Orbit,Paperback,561,2011,2011,,2013/04/30,wishlist,wishlist (#1),wishlist,,,,,,,0,,,,,
6635349,"Nova War (The Shoal Sequence, #2)",Gary Gibson,"Gibson, Gary",,"=""0230706800""","=""9780230706804""",0,3.79,Tor Books,Hardcover,407,2009,2009,,2013/04/30,,,read,,,,,,,0,,,,,
8578027,"Empire of Light (The Shoal Sequence, #3)",Gary Gibson,"Gibson, Gary",,"=""0230706819""","=""9780230706811""",0,3.73,Tor,Hardcover,393,2010,2010,2014/01/01,2013/04/30,,,read,,,,,,,0,,,,,
3607898,"Stealing Light (The Shoal Sequence, #1)",Gary Gibson,"Gibson, Gary",,"=""0330445960""","=""9780330445962""",0,3.68,Pan Macmillan,Paperback,400,2008,2007,2013/12/02,2013/04/30,,,read,,,,,,,0,,,,,
156785,Diaspora,Greg Egan,"Egan, Greg",,"=""3453161815""","=""9783453161818""",0,4.12,Heyne,Paperback,443,2000,1997,2014/01/19,2013/04/30,,,read,,,,,,,0,,,,,
6436659,Transition,Iain M. Banks,"Banks, Iain M.",,"=""0316071986""","=""9780316071987""",3,3.84,Orbit,Hardcover,404,2009,2009,2013/05/14,2013/04/29,,,read,,,,,,,0,,,,,
89186,Pushing Ice,Alastair Reynolds,"Reynolds, Alastair",,"=""0441014011""","=""9780441014019""",0,4.02,Ace Hardcover,Hardcover,458,2006,2005,2013/04/29,2013/02/21,,,read,,,,,,,0,,,,,
11830394,2312,Kim Stanley Robinson,"Robinson, Kim Stanley",,"=""0316098124""","=""9780316098120""",0,3.43,Orbit,Hardcover,561,2012,2012,2015/02/22,2012/10/03,,,read,,,,,,,0,,,,,
13055592,Redshirts,John Scalzi,"Scalzi, John",,"=""0765316994""","=""9780765316998""",0,3.83,Tor Books,Hardcover,320,2012,2012,2013/02/20,2012/10/03,,,read,,,,,,,0,,,,,
13039884,Existence,David Brin,"Brin, David",,"=""0765303612""","=""9780765303615""",0,3.74,Tor Books,Hardcover,560,2012,2012,2013/07/11,2012/10/03,,,read,,,,,,,0,,,,,
13497991,The Hydrogen Sonata (Culture #10),Iain M. Banks,"Banks, Iain M.",,"=""0356501507""","=""9780356501505""",0,4.14,Orbit,Hardcover,517,2012,2012,,2012/10/03,,,read,,,,,,,0,,,,,
13573419,Great North Road,Peter F. Hamilton,"Hamilton, Peter F.",,"=""034552666X""","=""9780345526663""",3,4.05,Del Rey,Hardcover,948,2013,2012,2014/01/08,2012/09/30,,,read,,,,,,,0,,,,,
10314376,The Prague Cemetery,Umberto Eco,"Eco, Umberto",Richard Dixon,"=""0547577532""","=""9780547577531""",0,3.38,Houghton Mifflin Harcourt Trade,Hardcover,445,2011,2010,2013/09/20,2012/06/27,,,read,,,,,,,0,,,,,
7704959,The Technician,Neal Asher,"Asher, Neal",,"=""0230708749""","=""9780230708747""",4,4.18,Tor Books,Hardcover,503,2010,2010,2012/09/15,2012/06/26,,,read,,,,,,,0,,,,,
12908630,Den Femte Revolution: Fortællinger Fra Hjernens Tidsalder,Lone Frank,"Frank, Lone",,"=""870205986X""","=""9788702059861""",0,3.78,Gyldendal,,,2007,2007,2012/08/26,2012/05/23,,,read,,,,,,,0,,,,,
2425528,Incandescence,Greg Egan,"Egan, Greg",,"=""0575081627""","=""9780575081628""",0,3.58,Gollancz,Hardcover,300,2008,2008,2012/05/23,2012/03/29,,,read,,,,,,,0,,,,,
3972,"Olympos (Ilium, #2)",Dan Simmons,"Simmons, Dan",,"=""0380817934""","=""9780380817931""",0,3.93,Harper Voyager,Mass Market Paperback,891,2006,2005,2012/08/26,2012/03/29,,,read,,,,,,,0,,,,,
3973,"Ilium (Ilium, #1)",Dan Simmons,"Simmons, Dan",,"=""0380817926""","=""9780380817924""",0,4.01,HarperTorch,Mass Market Paperback,752,2005,2003,2012/06/10,2012/03/29,,,read,,,,,,,0,,,,,
10596103,The Filter Bubble: What the Internet is Hiding From You,Eli Pariser,"Pariser, Eli",,"=""1594203008""","=""9781594203008""",0,3.77,Penguin Press,Hardcover,294,2011,2011,2012/05/23,2012/03/13,,,read,,,,,,,0,,,,,
6423600,Death from the Skies!: The Science Behind the End of the World,Philip Plait,"Plait, Philip",,"=""""","=""9780143116042""",0,4.02,Penguin Books,Paperback,336,2009,2008,,2011/11/26,,,read,,,,,,,0,,,,,
21615,The Coming,Joe Haldeman,"Haldeman, Joe",,"=""0441008763""","=""9780441008766""",0,3.06,Ace,Mass Market Paperback,278,2001,2000,,2011/11/07,,,read,,,,,,,0,,,,,
99326,The Prince,Niccolò Machiavelli,"Machiavelli, Niccolò",Peter Bondanella,"=""019280426X""","=""9780192804266""",0,3.77,Oxford University Press,Paperback,186,2005,1513,,2011/11/07,,,read,,,,,,,0,,,,,
327051,Reasons and Persons,Derek Parfit,"Parfit, Derek",,"=""019824908X""","=""9780198249085""",0,4.22,Oxford University Press,Paperback,560,1986,1984,,2011/11/07,,,read,,,,,,,0,,,,,
4797729,"King Of Infinite Space: Donald Coxeter, The Man Who Saved Geometry",Siobhan Roberts,"Roberts, Siobhan",,"=""1846680077""","=""9781846680076""",0,3.70,Profile Books,Paperback,399,2007,2006,,2011/11/07,,,read,,,,,,,0,,,,,
835051,"The Ringworld Engineers (Ringworld, #2)",Larry Niven,"Niven, Larry",,"=""1857231112""","=""9781857231113""",0,3.86,Orbit,Paperback,354,2004,1979,,2011/11/07,,,read,,,,,,,0,,,,,
1576739,Strider's Galaxy (Strider Chronicles),Paul   Barnett,"Barnett, Paul",John Grant,"=""0099791218""","=""9780099791218""",0,2.89,Legend,Paperback,352,1997,1997,,2011/11/07,,,read,,,,,,,0,,,,,
398274,Ringworld (Ringworld #1),Larry Niven,"Niven, Larry",,"=""0345333926""","=""9780345333926""",0,3.96,Del Rey Ballantine Random House,Mass Market Paperback,342,1970,1970,,2011/11/07,,,read,,,,,,,0,,,,,
211308,"Red Mars (Mars Trilogy, #1)",Kim Stanley Robinson,"Robinson, Kim Stanley",,"=""0586213899""","=""9780586213896""",0,3.84,Collins,Paperback,671,1993,1993,,2011/11/07,,,read,,,,,,,0,,,,,
929273,The Ringworld Throne,Larry Niven,"Niven, Larry",,"=""1857234707""","=""9781857234701""",0,3.55,Orbit Books,Paperback,376,1997,1996,,2011/11/07,,,read,,,,,,,0,,,,,
102576,Dagon and Other Macabre Tales (The H.P. Lovecraft Omnibus #2),H.P. Lovecraft,"Lovecraft, H.P.",August Derleth,"=""0586063242""","=""9780586063248""",0,4.23,Granada Books,Paperback,512,1985,1917,,2011/11/07,,,read,,,,,,,0,,,,,
3616159,Hegira,Greg Bear,"Bear, Greg",,"=""1857989023""","=""9781857989021""",0,3.32,,,,,1953,,2011/11/07,,,read,,,,,,,0,,,,,
5589558,"Divisions: The Second Half Of The Fall Revolution (The Fall Revolution, #3, #4)",Ken MacLeod,"MacLeod, Ken",,"=""076532119X""","=""9780765321190""",0,4.39,Orb Books,Paperback,496,2009,2009,,2011/11/06,,,read,,,,,,,0,,,,,
4592766,Fractions: The First Half of The Fall Revolution,Ken MacLeod,"MacLeod, Ken",,"=""0765320681""","=""9780765320681""",0,3.86,Orb Books,Paperback,640,2008,2008,2012/03/13,2011/11/06,,,read,,,,,,,0,,,,,
45256,"The Nano Flower (Greg Mandel, #3)",Peter F. Hamilton,"Hamilton, Peter F.",,"=""0812577698""","=""9780812577693""",3,3.98,Tor Science Fiction,Mass Market Paperback,608,1999,1995,,2011/10/10,,,read,,,,,,,0,,,,,
4934,The Brothers Karamazov,Fyodor Dostoyevsky,"Dostoyevsky, Fyodor","Richard Pevear, Larissa Volokhonsky","=""0374528373""","=""9780374528379""",0,4.30,"Farrar, Straus and Giroux",Paperback,796,2002,1880,,2011/10/10,to-read,to-read (#1),to-read,,,,,,,0,,,,,
95558,Solaris,Stanisław Lem,"Lem, Stanisław","Joanna Kilmartin, Steve Cox","=""0156027607""","=""9780156027601""",4,3.97,Harcourt,Paperback,204,2002,1961,,2011/10/10,,,read,,,,,,,0,,,,,
250024,The City and the Stars,Arthur C. Clarke,"Clarke, Arthur C.",,"=""1857987632""","=""9781857987638""",0,4.08,Gollancz,Paperback,255,2001,1956,,2011/10/10,,,read,,,,,,,0,,,,,
564324,Last and First Men,Olaf Stapledon,"Stapledon, Olaf",,"=""185798806X""","=""9781857988062""",0,3.81,Orion Publishing Group,Paperback,327,1999,1930,,2011/10/10,,,read,,,,,,,0,,,,,
258096,The Child Garden,Geoff Ryman,"Ryman, Geoff",,"=""0575076909""","=""9780575076907""",0,3.75,Gollancz,Paperback,400,2005,1989,,2011/10/10,,,read,,,,,,,0,,,,,
48623,"Spin State (Spin Trilogy, #1)",Chris Moriarty,"Moriarty, Chris",,"=""0553586246""","=""9780553586244""",0,3.78,Bantam Spectra,Mass Market Paperback,642,2004,2003,,2011/10/10,,,read,,,,,,,0,,,,,
453975,"Great Sky River (Galactic Center, #3)",Gregory Benford,"Benford, Gregory",,"=""0446611557""","=""9780446611558""",0,3.88,Aspect,Paperback,464,2004,1987,,2011/10/10,,,read,,,,,,,0,,,,,
1067143,"Furious Gulf (Galactic Center, #5)",Gregory Benford,"Benford, Gregory",,"=""0446611530""","=""9780446611534""",0,3.73,Aspect,Paperback,448,2005,1994,,2011/10/10,,,read,,,,,,,0,,,,,
453967,"Tides of Light (Galactic Center, #4)",Gregory Benford,"Benford, Gregory",,"=""0446611549""","=""9780446611541""",0,3.82,Aspect,Paperback,528,2004,1989,,2011/10/10,,,read,,,,,,,0,,,,,
453960,"In the Ocean of Night (Galactic Center, #1)",Gregory Benford,"Benford, Gregory",,"=""044661159X""","=""9780446611596""",0,3.67,Aspect,Paperback,448,2004,1977,,2011/10/10,,,read,,,,,,,0,,,,,
382329,"Across the Sea of Suns (Galactic Center, #2)",Gregory Benford,"Benford, Gregory",,"=""0446611565""","=""9780446611565""",0,3.73,Aspect,Paperback,512,2004,1984,,2011/10/10,,,read,,,,,,,0,,,,,
3988707,The Time Machine,H.G. Wells,"Wells, H.G.",,"=""0441009190""","=""9780441009190""",0,3.86,Ace,Paperback,138,2001,1895,,2011/10/10,,,read,,,,,,,0,,,,,
1437410,The Sentinel,Arthur C. Clarke,"Clarke, Arthur C.",,"=""0586212043""","=""9780586212042""",0,3.93,Voyager,Paperback,319,2000,1951,,2011/10/10,,,read,,,,,,,0,,,,,
959374,"Green Mars (Mars Trilogy, #2)",Kim Stanley Robinson,"Robinson, Kim Stanley",,"=""0586213902""","=""9780586213902""",0,3.91,HarperCollins,Paperback,780,1999,1994,,2011/10/10,,,read,,,,,,,0,,,,,
21618,"Forever Peace (The Forever War, #2)",Joe Haldeman,"Haldeman, Joe",,"=""0441005667""","=""9780441005666""",0,3.73,Ace,Mass Market Paperback,351,1998,1997,,2011/10/10,,,read,,,,,,,0,,,,,
516036,Blade Runner (Do Androids Dream of Electric Sheep?),Philip K. Dick,"Dick, Philip K.",,"=""0345350472""","=""9780345350473""",0,4.08,Del Rey,Paperback,265,2007,1968,,2011/10/10,,,read,,,,,,,0,,,,,
1281516,Axiomatic,Greg Egan,"Egan, Greg",,"=""0752816500""","=""9780752816500""",0,4.25,Gollancz,Mass Market,368,1998,1995,,2011/10/10,,,read,,,,,,,0,,,,,
1118413,Teranesia,Greg Egan,"Egan, Greg",,"=""1857988647""","=""9781857988642""",0,3.42,,,,,1999,,2011/10/10,,,read,,,,,,,0,,,,,
63742,"Manifold: Time (Manifold, #1)",Stephen Baxter,"Baxter, Stephen",Chris Schluep,"=""034543076X""","=""9780345430762""",0,3.75,Del Rey Books,Paperback,480,2000,1999,,2011/10/10,,,read,,,,,,,0,,,,,
63818,"Manifold: Space (Manifold, #2)",Stephen Baxter,"Baxter, Stephen",,"=""0345430786""","=""9780345430786""",0,3.88,Del Rey,Mass Market Paperback,512,2002,2000,,2011/10/10,,,read,,,,,,,0,,,,,
537148,"The Gap Into Ruin: This Day All Gods Die (Gap, #5)",Stephen R. Donaldson,"Donaldson, Stephen R.",,"=""0553071807""","=""9780553071801""",0,4.22,Spectra,Hardcover,564,1996,1996,,2011/10/07,,,read,,,,,,,0,,,,,
21611,"The Forever War (The Forever War, #1)",Joe Haldeman,"Haldeman, Joe",,"=""0060510862""","=""9780060510862""",0,4.15,Voyager,Paperback,278,2003,1974,,2011/10/07,,,read,,,,,,,0,,,,,
1335019,Necronomicon: The Best Weird Tales,H.P. Lovecraft,"Lovecraft, H.P.","Les Edwards, Stephen Jones","=""0575081562""","=""9780575081567""",0,4.29,"Gollancz, Great Britain",Hardcover,878,2008,1930,,2011/09/28,to-read,to-read (#2),to-read,,,,,,,0,,,,,
32811,The Divine Comedy ,Dante Alighieri,"Alighieri, Dante","C.H. Sisson, David H. Higgins","=""0192835025""","=""9780192835024""",0,4.06,Oxford University Press,Paperback,735,1998,1320,,2011/09/28,,,read,,,,,,,0,,,,,
471204,The Complete Tales and Poems,Edgar Allan Poe,"Poe, Edgar Allan",,"=""0140103848""","=""9780140103847""",0,4.48,"Penguin Books, Limited (UK)",Paperback,1026,1998,,,2011/09/28,,,read,,,,,,,0,,,,,
14837,The Satanic Verses,Salman Rushdie,"Rushdie, Salman",,"=""0963270702""","=""9780963270702""",0,3.71,Vintage,Paperback,547,1998,1988,,2011/09/28,,,read,,,,,,,0,,,,,
1608040,"The End of Faith: Religion, Terror, and the Future of Reason",Sam Harris,"Harris, Sam",,"=""0743268091""","=""9780743268097""",4,3.92,Free Press,Paperback,336,2006,2004,,2011/09/28,,,read,,,,,,,0,,,,,
727798,"The Fellowship of the Ring (The Lord of the Rings, #1)",J.R.R. Tolkien,"Tolkien, J.R.R.",,"=""0261102354""","=""9780261102354""",5,4.33,HarperCollins Publishers,Mass Market Paperback,531,1999,1954,,2011/09/28,,,read,,,,,,,0,,,,,
727800,"The Two Towers (The Lord of the Rings, #2)",J.R.R. Tolkien,"Tolkien, J.R.R.",,"=""0261102362""","=""9780261102361""",5,4.41,HarperCollins Publishers,Mass Market Paperback,439,1999,1954,,2011/09/28,,,read,,,,,,,0,,,,,
727810,"The Return of the King (The Lord of the Rings, #3)",J.R.R. Tolkien,"Tolkien, J.R.R.",,"=""0261102370""","=""9780261102378""",5,4.50,HarperCollins Publishers,Mass Market Paperback,590,1999,1955,,2011/09/28,,,read,,,,,,,0,,,,,
3310446,"Sea of Silver Light (Otherland, #4)",Tad Williams,"Williams, Tad",,"=""185723992X""","=""9781857239928""",0,4.11,Orbit,Paperback,922,2001,2001,,2011/09/28,,,read,,,,,,,0,,,,,
1495450,"House Corrino (Prelude to Dune, #3)",Brian Herbert,"Herbert, Brian",Kevin J. Anderson,"=""0340771151""","=""9780340771150""",0,3.63,Hodder & Stoughton Ltd,Paperback,600,2001,2001,,2011/09/28,,,read,,,,,,,0,,,,,
1039212,"House Harkonnen (Prelude to Dune, #2)",Brian Herbert,"Herbert, Brian",Kevin J. Anderson,"=""0340769084""","=""9780340769089""",0,3.63,Hodder & Stoughton Ltd,Paperback,632,2000,2000,,2011/09/28,,,read,,,,,,,0,,,,,
81643,"The Hitchhiker's Guide To The Galaxy (Hitchhiker's Guide, #1-4)",Douglas Adams,"Adams, Douglas",,"=""0434009202""","=""9780434009206""",0,4.51,Heinemann,Hardcover,590,1986,1986,,2011/09/28,,,read,,,,,,,0,,,,,
661,"Hunters Of Dune (Dune Chronicles, #7)",Brian Herbert,"Herbert, Brian",Kevin J. Anderson,"=""0340837489""","=""9780340837481""",0,3.62,Hodder & Stoughton Ltd,Paperback,528,2006,2006,,2011/09/28,,,read,,,,,,,0,,,,,
11389860,Filosoffen Niels Bohr,David Favrholdt,"Favrholdt, David",,"=""""","=""9788775142163""",0,4.05,Informations Forlag,Hardcover,460,2009,2009,,2011/09/28,,,read,,,,,,,0,,,,,
602452,Babel-17,Samuel R. Delany,"Delany, Samuel R.",,"=""1857988051""","=""9781857988055""",5,3.78,Gollancz,Paperback,195,2001,1966,,2011/09/28,,,read,,,,,,,0,,,,,
725675,"House Atreides (Prelude to Dune, #1)",Brian Herbert,"Herbert, Brian",Kevin J. Anderson,"=""0340751754""","=""9780340751756""",0,3.69,Hodder & Stoughton General Division,Paperback,610,1999,1999,,2011/09/28,,,read,,,,,,,0,,,,,
12491769,25 Big Ideas: The Science That's Changing Our World,Robert Matthews,"Matthews, Robert",,"=""1567319947""","=""9781567319941""",0,3.76,MJF Books,Hardcover,186,2009,2005,,2011/09/28,,,read,,,,,,,0,,,,,
3419554,Cenotaxis,Sean Williams,"Williams, Sean",,"=""1932265260""","=""9781932265262""",4,3.41,Monkeybrain,Paperback,111,2007,2007,,2011/09/28,,,read,,,,,,,0,,,,,
7074186,The Mammoth Book of Best Short SF Novels,Gardner R. Dozois,"Dozois, Gardner R.","Robert Silverberg, Walter Jon Williams, Joe Haldeman, James Patrick Kelly, Nancy Kress, Michael Swanwick, Frederik Pohl, Ursula K. Le Guin, Maureen F. McHugh, Greg Egan, Ian McDonald, Ian R. MacLeod, Alastair Reynolds","=""184529923X""","=""9781845299231""",0,4.04,Robinson Publ,Paperback,800,2009,2007,,2011/09/28,,,read,,,,,,,0,,,,,
6524798,The Family: The Secret Fundamentalism at the Heart of American Power,Jeff Sharlet,"Sharlet, Jeff",,"=""0060560053""","=""9780060560058""",3,3.78,Harper Perennial,Paperback,454,2009,2007,,2011/09/28,,,read,,,,,,,0,,,,,
17364,"Surely You're Joking, Mr. Feynman!",Richard Feynman,"Feynman, Richard",,"=""009917331X""","=""9780099173311""",4,4.29,Vintage,Paperback,350,1992,1984,,2011/09/28,,,read,,,,,,,0,,,,,
129131,"The State of the Art (Culture, #4)",Iain M. Banks,"Banks, Iain M.",,"=""1597800740""","=""9781597800747""",0,3.84,Night Shade Books (San Francisco),Paperback,188,2007,1991,,2011/09/28,,,read,,,,,,,0,,,,,
18,The Ultimate Hitchhiker's Guide (Hitchhiker's Guide to the Galaxy #1-5),Douglas Adams,"Adams, Douglas",,"=""0517149257""","=""9780517149256""",0,4.37,Wings Books,Hardcover,815,1996,1996,,2011/09/28,,,read,,,,,,,0,,,,,
964621,"The Original Illustrated Sherlock Holmes (Sherlock Holmes, #3-6)",Arthur Conan Doyle,"Doyle, Arthur Conan",,"=""0890090572""","=""9780890090572""",0,4.50,Castle Books,Hardcover,636,2009,1891,,2011/09/28,,,read,,,,,,,0,,,,,
305871,"The Da Vinci Code (Robert Langdon, #2)",Dan Brown,"Brown, Dan",,"=""0593054253""","=""9780593054253""",0,3.78,Bantam Press,Hardcover,467,2004,2003,,2011/09/28,,,read,,,,,,,0,,,,,
4361864,"Cube: The Ultimate Guide to the World's Best-Selling Puzzle: Secrets, Stories, Solutions",Jerry Slocum,"Slocum, Jerry","David Singmaster, Dieter Gebhardt","=""157912805X""","=""9781579128050""",0,3.42,Black Dog & Leventhal,Paperback,142,2009,2009,,2011/09/28,,,read,,,,,,,0,,,,,
2436574,The Road To Mars,Eric Idle,"Idle, Eric",,"=""0752224190""","=""9780752224190""",0,3.49,,,,,1990,,2011/09/28,,,read,,,,,,,0,,,,,
149100,"Greetings, Carbon-Based Bipeds!",Arthur C. Clarke,"Clarke, Arthur C.",,"=""000224697X""","=""9780002246972""",0,3.81,,Hardcover,555,1999,1999,,2011/09/28,,,read,,,,,,,0,,,,,
839259,"Sandworms Of Dune (Dune Chronicles, #8)",Brian Herbert,"Herbert, Brian",Kevin J. Anderson,"=""0340837519""","=""9780340837511""",0,3.61,Hodder & Stoughton Ltd,Paperback,496,2007,2007,,2011/09/28,,,read,,,,,,,0,,,,,
1036777,"Mountain of Black Glass (Otherland, #3)",Tad Williams,"Williams, Tad",,"=""1857237471""","=""9781857237474""",0,4.04,Orbit,Paperback,,1999,1999,,2011/09/28,,,read,,,,,,,0,,,,,
1040672,Divergence (AI Trilogy #3),Tony Ballantyne,"Ballantyne, Tony",,"=""055358930X""","=""9780553589306""",3,3.38,Spectra,Paperback,400,2007,2007,,2011/09/21,,,read,,,,,,,0,,,,,
889111,Capacity (AI Trilogy #2),Tony Ballantyne,"Ballantyne, Tony",,"=""0553589296""","=""9780553589290""",3,3.41,Spectra,Paperback,416,2006,2005,,2011/09/21,,,read,,,,,,,0,,,,,
5863582,"The Grand Conjunction (Astropolis, #3)",Sean Williams,"Williams, Sean",,"=""0441017134""","=""9780441017133""",4,3.60,Ace,Paperback,336,2009,2009,,2011/09/19,,,read,,,,,,,0,,,,,
3246970,"Earth Ascendant (Astropolis, #2)",Sean Williams,"Williams, Sean",,"=""0441015859""","=""9780441015856""",4,3.78,Ace,Paperback,304,2008,2008,,2011/09/19,,,read,,,,,,,0,,,,,
92882,"The Companions (Dragonlance: Meetings Sextet, #6)",Tina Daniell,"Daniell, Tina",,"=""156076340X""","=""9781560763406""",0,3.87,Wizards of the Coast,Mass Market Paperback,312,1993,1993,,2011/09/18,,,read,,,,,,,0,,,,,
92905,"Steel and Stone (Dragonlance: Meetings Sextet, #5)",Ellen Porath,"Porath, Ellen",,"=""1560763396""","=""9781560763390""",0,3.70,Wizards of the Coast,Mass Market Paperback,311,1992,1992,,2011/09/18,,,read,,,,,,,0,,,,,
108889,"The Oath and the Measure (Dragonlance: Meetings Sextet, #4)",Michael   Williams,"Williams, Michael",,"=""1560763361""","=""9781560763369""",0,3.70,Wizards of the Coast,Mass Market Paperback,311,1992,1993,,2011/09/18,,,read,,,,,,,0,,,,,
534499,"Wanderlust (Dragonlance: Meetings Sextet, #2)",Mary Kirchoff,"Kirchoff, Mary",Steve Winter,"=""1560761156""","=""9781560761150""",0,3.79,TSR,Mass Market Paperback,312,1991,1991,,2011/09/18,,,read,,,,,,,0,,,,,
668830,"Kindred Spirits (Dragonlance: Meetings Sextet, #1)",Mark Anthony,"Anthony, Mark",Ellen Porath,"=""1560760699""","=""9781560760696""",0,3.82,TSR,Mass Market Paperback,307,1991,1991,,2011/09/18,,,read,,,,,,,0,,,,,
92908,"Dark Heart (Dragonlance: Meetings Sextet, #3)",Tina Daniell,"Daniell, Tina",,"=""1560761164""","=""9781560761167""",0,3.61,TSR,Paperback,310,2005,1992,,2011/09/18,,,read,,,,,,,0,,,,,
4984,Bagombo Snuff Box,Kurt Vonnegut Jr.,"Jr., Kurt Vonnegut",,"=""0099282968""","=""9780099282969""",0,3.72,Vintage,Paperback,295,2000,1999,,2011/09/18,,,read,,,,,,,0,,,,,
455373,Sphere,Michael Crichton,"Crichton, Michael",,"=""0345418972""","=""9780345418975""",3,3.76,Ballantine Books,Paperback,371,1997,1987,,2011/09/18,,,read,,,,,,,0,,,,,
156775,Quarantine (Subjective Cosmology #1),Greg Egan,"Egan, Greg",,"=""0061054232""","=""9780061054235""",0,3.87,HarperPrism,Paperback,280,1995,1992,,2011/09/18,,,read,,,,,,,0,,,,,
17214,Starship Troopers,Robert A. Heinlein,"Heinlein, Robert A.",,"=""0441783589""","=""9780441783588""",5,3.99,Ace Book,Mass Market Paperback,335,1987,1959,,2011/09/18,,,read,,,,,,,0,,,,,
96656,Contact,Carl Sagan,"Sagan, Carl",,"=""1857235800""","=""9781857235807""",5,4.10,Orbit,Paperback,431,1997,1985,,2011/09/18,,,read,,,,,,,0,,,,,
756978,"Cities in Flight (Cities in Flight, #1-4)",James Blish,"Blish, James",,"=""1857988116""","=""9781857988116""",0,3.95,,Unknown Binding,620,1999,1970,,2011/09/18,,,read,,,,,,,0,,,,,
10084,"River of Blue Fire (Otherland, #2)",Tad Williams,"Williams, Tad",,"=""0886778441""","=""9780886778446""",0,4.00,Daw Books,Mass Market Paperback,675,1999,1998,,2011/09/18,,,read,,,,,,,0,,,,,
1006561,"Absolution Gap (Revelation Space, #3)",Alastair Reynolds,"Reynolds, Alastair",,"=""0575075570""","=""9780575075573""",0,4.01,Not Avail,Unknown Binding,,2004,2003,,2011/09/18,,,read,,,,,,,0,,,,,
1117943,"The Cassini Division (The Fall Revolution, #3)",Ken MacLeod,"MacLeod, Ken",,"=""1857237307""","=""9781857237306""",0,3.92,Little Brown and Company,Paperback,331,1999,1998,,2011/09/18,,,read,,,,,,,0,,,,,
14817,A Scanner Darkly,Philip K. Dick,"Dick, Philip K.",,"=""057507681X""","=""9780575076815""",4,4.04,Gollancz,Paperback,219,2006,1977,,2011/09/18,,,read,,,,,,,0,,,,,
3422104,Recursion,Tony Ballantyne,"Ballantyne, Tony",,"=""0330426990""","=""9780330426992""",4,3.33,Tor,Paperback,356,2005,2004,,2011/09/18,,,read,,,,,,,0,,,,,
1131195,Changeling,Christopher Kubasik,"Kubasik, Christopher",,"=""0451451635""","=""9780451451637""",0,3.49,Roc,Mass Market Paperback,288,1992,1992,,2011/09/18,,,read,,,,,,,0,,,,,
61928,"Freedom's Landing (Catteni, #1)",Anne McCaffrey,"McCaffrey, Anne",,"=""0441003389""","=""9780441003389""",0,3.92,Ace,Mass Market Paperback,324,1996,1995,,2011/09/18,,,read,,,,,,,0,,,,,
61931,"Pegasus in Space (The Talent, #3)",Anne McCaffrey,"McCaffrey, Anne",,"=""0345434676""","=""9780345434678""",4,4.09,Del Rey,Paperback,448,2001,2000,,2011/09/18,,,read,,,,,,,0,,,,,
172742,"Slant (Queen of Angels, #4)",Greg Bear,"Bear, Greg",,"=""0812524829""","=""9780812524826""",0,3.60,Tor Science Fiction,Paperback,512,1998,1997,,2011/09/18,,,read,,,,,,,0,,,,,
351452,"Never Trust an Elf (Shadowrun, #6)",Robert N. Charrette,"Charrette, Robert N.",,"=""0451451783""","=""9780451451781""",0,3.57,Roc,Paperback,288,1992,1992,,2011/09/18,,,read,,,,,,,0,,,,,
3071927,"Night's Pawn (Shadowrun, #10)",Tom Dowd,"Dowd, Tom",,"=""0451452380""","=""9780451452382""",0,3.44,Roc,Paperback,288,1993,1993,,2011/09/18,,,read,,,,,,,0,,,,,
445653,Starfarers,Poul Anderson,"Anderson, Poul",,"=""0812545990""","=""9780812545999""",0,3.55,Tor Science Fiction,Paperback,512,1999,1998,,2011/09/18,,,read,,,,,,,0,,,,,
123586,"Aliens vs. Predator: Prey (Aliens Vs. Predator, # 1)",Steve Perry,"Perry, Steve",Stephani Perry,"=""0553565559""","=""9780553565553""",0,3.95,Spectra Books,Paperback,259,1994,1994,,2011/09/18,,,read,,,,,,,0,,,,,
312091,"Dark Light (Engines Of Light, #2)",Ken MacLeod,"MacLeod, Ken",Patrick Nielsen Hayden,"=""0765344963""","=""9780765344960""",0,3.67,Tor Books,Paperback,352,2003,2001,,2011/09/18,,,read,,,,,,,0,,,,,
453961,"Sailing Bright Eternity (Galactic Center, #6)",Gregory Benford,"Benford, Gregory",,"=""0446611522""","=""9780446611527""",0,3.85,Aspect,Paperback,528,2005,1995,,2011/09/18,,,read,,,,,,,0,,,,,
1659751,Deepdrive,Alexander Jablokov,"Jablokov, Alexander",,"=""0380797151""","=""9780380797158""",0,3.04,Eos,Mass Market Paperback,320,1999,1998,,2011/09/18,,,read,,,,,,,0,,,,,
218453,The Gripping Hand,Larry Niven,"Niven, Larry",Jerry Pournelle,"=""0671795740""","=""9780671795740""",0,3.82,Pocket Books,Mass Market Paperback,413,1994,1993,,2011/09/18,,,read,,,,,,,0,,,,,
904413,Pegasus in Flight,Anne McCaffrey,"McCaffrey, Anne",,"=""0345368975""","=""9780345368973""",4,4.11,Del Rey,Paperback,304,1991,1990,,2011/09/18,,,read,,,,,,,0,,,,,
904417,To Ride Pegasus (The Talents Saga),Anne McCaffrey,"McCaffrey, Anne",,"=""0345336038""","=""9780345336033""",4,3.99,Del Rey,Mass Market Paperback,256,1986,1973,,2011/09/18,,,read,,,,,,,0,,,,,
28695,"City of Golden Shadow (Otherland, #1)",Tad Williams,"Williams, Tad",,"=""0886777631""","=""9780886777630""",0,3.90,DAW Books,Mass Market Paperback,780,1998,1996,,2011/09/18,,,read,,,,,,,0,,,,,
1911350,Footfall,Larry Niven,"Niven, Larry",Jerry Pournelle,"=""1857230973""","=""9781857230970""",0,3.89,Sphere,Paperback,700,1986,1985,,2011/09/18,,,read,,,,,,,0,,,,,
226470,"The Collected Stories of Philip K. Dick, Volume 4: Minority Report",Philip K. Dick,"Dick, Philip K.",James Tiptree Jr.,"=""1857989473""","=""9781857989472""",0,4.19,Millennium,Paperback,380,2000,1987,,2011/09/18,,,read,,,,,,,0,,,,,
609481,Gateway,Frederik Pohl,"Pohl, Frederik",,"=""1857988183""","=""9781857988185""",0,4.07,Gollancz,Paperback,313,1999,1977,,2011/09/18,,,read,,,,,,,0,,,,,
186105,Fine Prey,Scott Westerfeld,"Westerfeld, Scott",,"=""0451456971""","=""9780451456977""",0,3.82,Roc,Paperback,288,1998,1998,,2011/09/18,,,read,,,,,,,0,,,,,
216422,The Last Command,Timothy Zahn,"Zahn, Timothy",,"=""0553564927""","=""9780553564921""",0,4.20,Del Rey,Mass Market Paperback,467,1994,1993,,2011/09/18,,,read,,,,,,,0,,,,,
1172975,"Star Wars: Dark Force Rising (Star Wars: The Thrawn Trilogy, #2)",Timothy Zahn,"Zahn, Timothy",,"=""0553404423""","=""9780553404425""",0,4.14,Bantam Books,Unknown Binding,406,1996,1992,,2011/09/18,,,read,,,,,,,0,,,,,
216444,"Star Wars: Heir to the Empire (Star Wars: The Thrawn Trilogy, #1)",Timothy Zahn,"Zahn, Timothy",,"=""0553404717""","=""9780553404715""",0,4.12,Bantam,Mass Market Paperback,404,1992,1991,,2011/09/18,,,read,,,,,,,0,,,,,
367217,"The Far Shore of Time (Eschaton Sequence, #3)",Frederik Pohl,"Pohl, Frederik",,"=""0812577833""","=""9780812577839""",0,3.43,Tor Science Fiction,Paperback,320,2000,1999,,2011/09/18,,,read,,,,,,,0,,,,,
664642,"Stardoc (Stardoc, #1)",S.L. Viehl,"Viehl, S.L.",,"=""0451457730""","=""9780451457738""",1,3.79,Roc,Paperback,394,2000,2000,,2011/09/18,,,read,,,,,,,0,,,,,
1361835,The Collapsium (The Queendom of Sol #1),Wil McCarthy,"McCarthy, Wil",,"=""055358443X""","=""9780553584431""",0,3.77,Bantam,Paperback,428,2002,2000,,2011/09/18,,,read,,,,,,,0,,,,,
1197010,"In Conquest Born (In Conquest Born, #1)",Celia S. Friedman,"Friedman, Celia S.",C.S. Friedman,"=""0886771986""","=""9780886771980""",0,3.88,DAW,Mass Market Paperback,512,1986,1986,,2011/09/18,,,read,,,,,,,0,,,,,
2364168,Penumbra,Eric Brown,"Brown, Eric",,"=""1857985923""","=""9781857985924""",0,3.44,Gollancz,Paperback,346,1999,1999,,2011/09/18,,,read,,,,,,,0,,,,,
185824,"Cosmonaut Keep (Engines Of Light, #1)",Ken MacLeod,"MacLeod, Ken",,"=""0765340739""","=""9780765340733""",0,3.60,Tor Science Fiction,Paperback,352,2002,2000,,2011/09/18,,,read,,,,,,,0,,,,,
268638,"The Mote in God's Eye (Moties, #1)",Larry Niven,"Niven, Larry",Jerry Pournelle,"=""0671741926""","=""9780671741921""",0,4.06,Pocket Books,Mass Market Paperback,560,1991,1974,,2011/09/18,,,read,,,,,,,0,,,,,
185823,"Engine City (Engines Of Light, #3)",Ken MacLeod,"MacLeod, Ken",,"=""0765344211""","=""9780765344212""",0,3.58,Tor Books,Paperback,304,2004,2002,,2011/09/18,,,read,,,,,,,0,,,,,
2186184,Aliens: Genocide (Aliens),David Bischoff,"Bischoff, David",,"=""0553563718""","=""9780553563719""",0,3.61,Spectra,Paperback,282,1993,1993,,2011/09/18,,,read,,,,,,,0,,,,,
539810,"Children of the Mind (Ender's Saga, #4)",Orson Scott Card,"Card, Orson Scott",,"=""0812522397""","=""9780812522396""",2,3.74,Tor Science Fiction,Mass Market Paperback,370,1997,1996,,2011/09/18,,,read,,,,,,,0,,,,,
579727,"Xenocide (Ender's Saga, #3)",Orson Scott Card,"Card, Orson Scott",,"=""0812509250""","=""9780812509250""",2,3.77,Tor,Paperback,592,1992,1991,,2011/09/18,,,read,,,,,,,0,,,,,
7967,"Speaker for the Dead (Ender's Saga, #2)",Orson Scott Card,"Card, Orson Scott",,"=""0812550757""","=""9780812550757""",3,4.04,Tor Books,Mass Market Paperback,382,1994,1986,,2011/09/18,,,read,,,,,,,0,,,,,
375802,"Ender's Game (Ender's Saga, #1)",Orson Scott Card,"Card, Orson Scott",,"=""0812550706""","=""9780812550702""",4,4.29,Tor,Mass Market Paperback,324,1994,1985,,2011/09/18,,,read,,,,,,,0,,,,,
36162,This Alien Shore,C.S. Friedman,"Friedman, C.S.",,"=""0886777992""","=""9780886777999""",4,4.02,DAW,Mass Market Paperback,564,1999,1998,,2011/09/18,,,read,,,,,,,0,,,,,
611402,The Other End of Time,Frederik Pohl,"Pohl, Frederik",,"=""0812535197""","=""9780812535198""",0,3.41,Tor Science Fiction,Paperback,352,1997,1996,,2011/09/18,,,read,,,,,,,0,,,,,
449426,"The Siege of Eternity (Eschaton Sequence, #2)",Frederik Pohl,"Pohl, Frederik",,"=""0812577663""","=""9780812577662""",0,3.35,Tor Science Fiction,Paperback,352,1998,1997,,2011/09/18,,,read,,,,,,,0,,,,,
362806,The Foreigners (Gollancz Sf S.),James Lovegrove,"Lovegrove, James",,"=""1857987918""","=""9781857987911""",0,3.55,,,,,2014,,2011/09/18,,,read,,,,,,,0,,,,,
48484,"Blindsight (Firefall, #1)",Peter Watts,"Watts, Peter",,"=""0765312182""","=""9780765312181""",0,3.99,Tor Books,Hardcover,384,2006,2006,,2011/09/01,,,read,,,,,,,0,,,,,
101864,"Iron Sunrise (Eschaton, #2)",Charles Stross,"Stross, Charles",,"=""1841493368""","=""9781841493367""",3,3.97,Orbit,Paperback,480,2005,2004,,2011/09/01,,,read,,,,,,,0,,,,,
17863,Accelerando (Singularity),Charles Stross,"Stross, Charles",,"=""0441014151""","=""9780441014156""",0,3.87,Penguin USA,Mass Market Paperback,415,2006,2005,,2011/09/01,,,read,,,,,,,0,,,,,
515658,"2XS (Shadowrun, #4)",Nigel Findley,"Findley, Nigel","Christian Jentzsch, John Zeleznick, Mirjam Wehner, Joel Biske","=""3453062116""","=""9783453062115""",0,3.84,Heyne,Taschenbuch,462,1997,1992,,2011/09/01,,,read,,,,,,,0,,,,,
938171,"Singularity Sky (Eschaton, #1)",Charles Stross,"Stross, Charles",,"=""0441011799""","=""9780441011797""",4,3.81,Ace,Mass Market Paperback,337,2004,2003,,2011/09/01,,,read,,,,,,,0,,,,,
611269,"Shadowplay (Shadowrun, #9)",Nigel Findley,"Findley, Nigel",,"=""0451452283""","=""9780451452283""",0,3.61,Roc,Paperback,384,1993,1993,,2011/09/01,,,read,,,,,,,0,,,,,
675516,Iris,William Barton,"Barton, William",Michael Capobianco,"=""0380730383""","=""9780380730384""",0,3.20,Eos,Paperback,448,1999,1990,,2011/09/01,,,read,,,,,,,0,,,,,
1460961,Genesis,Poul Anderson,"Anderson, Poul",,"=""0812580281""","=""9780812580280""",0,2.99,Tor Science Fiction,Paperback,248,2001,1995,,2011/09/01,,,read,,,,,,,0,,,,,
2037249,Time Future,Maxine McArthur,"McArthur, Maxine",,"=""0446609633""","=""9780446609630""",0,3.24,Aspect,Paperback,464,2001,1999,,2011/09/01,,,read,,,,,,,0,,,,,
100681,"Flux (Xeelee Sequence, #3)",Stephen Baxter,"Baxter, Stephen",,"=""0006476201""","=""9780006476207""",0,3.66,Voyager,Mass Market Paperback,366,1998,1993,,2011/09/01,,,read,,,,,,,0,,,,,
63775,"Moonseed (NASA Trilogy, #3)",Stephen Baxter,"Baxter, Stephen",,"=""006105903X""","=""9780061059032""",0,3.70,Voyager,Paperback,672,1999,1998,,2011/09/01,,,read,,,,,,,0,,,,,
1929068,The God Delusion,Richard Dawkins,"Dawkins, Richard",,"=""0552774294""","=""9780552774291""",4,3.89,Black Swan,Mass Market Paperback,463,2007,2006,,2011/09/01,,,read,,,,,,,0,,,,,
22874,"The Gap Into Vision: Forbidden Knowledge (Gap, #2)",Stephen R. Donaldson,"Donaldson, Stephen R.",,"=""0553297600""","=""9780553297607""",0,3.99,Bantam,Paperback,480,2010,1991,,2011/09/01,,,read,,,,,,,0,,,,,
427353,"The Gap Into Conflict: The Real Story (Gap, #1)",Stephen R. Donaldson,"Donaldson, Stephen R.",,"=""0553295098""","=""9780553295092""",0,3.72,Spectra,Mass Market Paperback,241,1992,1990,,2011/09/01,,,read,,,,,,,0,,,,,
1036307,A Brief History of Time: From the Big Bang to Black Holes ,Stephen Hawking,"Hawking, Stephen",,"=""0553173251""","=""9780553173253""",0,4.11,Bantam Books,Mass Market Paperback,224,1997,1987,,2011/09/01,,,read,,,,,,,0,,,,,
1026744,Marrow,Robert Reed,"Reed, Robert",,"=""1841490784""","=""9781841490786""",3,3.81,Orbit,Paperback,502,2001,2000,,2011/09/01,,,read,,,,,,,0,,,,,
5829169,"Saturn Returns (Astropolis, #1)",Sean Williams,"Williams, Sean",,"=""1841495190""","=""9781841495194""",4,3.56,Orbit,Paperback,367,2008,2007,,2011/09/01,,,read,,,,,,,0,,,,,
177270,"The Gap Into Madness: Chaos and Order (Gap, #4)",Stephen R. Donaldson,"Donaldson, Stephen R.",,"=""0553572539""","=""9780553572537""",0,4.13,Spectra,Mass Market Paperback,688,2009,1994,,2011/09/01,,,read,,,,,,,0,,,,,
66795,"Timelike Infinity (Xeelee Sequence, #2)",Stephen Baxter,"Baxter, Stephen",,"=""000647618X""","=""9780006476184""",0,3.85,HarperCollins,Paperback,253,1997,1992,,2011/09/01,,,read,,,,,,,0,,,,,
22877,"The Gap Into Power: A Dark and Hungry God Arises (Gap, #3)",Stephen R. Donaldson,"Donaldson, Stephen R.",,"=""0553562606""","=""9780553562606""",0,4.07,Spectra,Paperback,518,2009,1992,,2011/09/01,,,read,,,,,,,0,,,,,
96471,Earth,David Brin,"Brin, David",,"=""055329024X""","=""9780553290240""",0,3.90,Spectra,Paperback,704,1991,1990,,2011/09/01,,,read,,,,,,,0,,,,,
848004,Prey,Michael Crichton,"Crichton, Michael",,"=""0007154534""","=""9780007154531""",3,3.72,HarperCollins Publishers,Paperback,528,2003,2002,,2011/09/01,,,read,,,,,,,0,,,,,
2433635,"The Forge of God (Forge of God, #1)",Greg Bear,"Bear, Greg",,"=""0812524330""","=""9780812524338""",0,3.86,Tor Science Fiction,Mass Market Paperback,448,1993,1987,,2011/09/01,,,read,,,,,,,0,,,,,
991990,The Songs Of Distant Earth,Arthur C. Clarke,"Clarke, Arthur C.",,"=""0586066233""","=""9780586066232""",0,3.89,Grafton,Paperback,238,1998,1986,,2011/09/01,,,read,,,,,,,0,,,,,
76791,Otherness,David Brin,"Brin, David",,"=""0553295284""","=""9780553295283""",3,3.77,Bantam Spectra,Mass Market Paperback,368,2009,1994,,2011/09/01,,,read,,,,,,,0,,,,,
1417035,Prayers to Broken Stones,Dan Simmons,"Simmons, Dan",,"=""0553296655""","=""9780553296655""",0,3.80,Spectra,Paperback,403,1992,1990,,2011/09/01,,,read,,,,,,,0,,,,,
66788,"Ring (Xeelee Sequence, #4)",Stephen Baxter,"Baxter, Stephen",,"=""0061056944""","=""9780061056949""",0,3.98,Eos,Paperback,502,2001,1994,,2011/09/01,,,read,,,,,,,0,,,,,
2310896,"The Ashes of Worlds (The Saga of Seven Suns, #7)",Kevin J. Anderson,"Anderson, Kevin J.",,"=""0316007579""","=""9780316007573""",2,3.96,Orbit,Hardcover,491,2008,2008,,2011/08/17,,,read,,,,,,,0,,,,,
932065,"Metal Swarm (The Saga of Seven Suns, #6)",Kevin J. Anderson,"Anderson, Kevin J.",,"=""0743275438""","=""9780743275439""",2,3.89,Simon & Schuster,Paperback,684,2007,2007,,2011/08/17,,,read,,,,,,,0,,,,,
103101,"Of Fire and Night (The Saga of Seven Suns, #5)",Kevin J. Anderson,"Anderson, Kevin J.",,"=""0446577189""","=""9780446577182""",2,3.91,Aspect,Hardcover,526,2006,2006,,2011/08/17,,,read,,,,,,,0,,,,,
103103,"Scattered Suns (The Saga of Seven Suns, #4)",Kevin J. Anderson,"Anderson, Kevin J.",,"=""0446615242""","=""9780446615242""",2,3.88,Warner Books (NY),Paperback,710,2006,2005,,2011/08/17,,,read,,,,,,,0,,,,,
265288,"Horizon Storms (The Saga of Seven Suns, #3)",Kevin J. Anderson,"Anderson, Kevin J.",,"=""0446610593""","=""9780446610599""",2,3.87,Aspect,Paperback,640,2005,2004,,2011/08/17,,,read,,,,,,,0,,,,,
265287,"A Forest of Stars (The Saga of Seven Suns, #2)",Kevin J. Anderson,"Anderson, Kevin J.",,"=""0446528714""","=""9780446528719""",2,3.87,Aspect,Hardcover,496,2003,2003,,2011/08/17,,,read,,,,,,,0,,,,,
7937744,Surface Detail (Culture #9),Iain M. Banks,"Banks, Iain M.",,"=""0316123404""","=""9780316123402""",3,4.21,Orbit/Hatchette Book Group (NYC),Hardcover,627,2010,2010,,2011/08/16,,,read,,,,,,,0,,,,,
886066,"Matter (Culture, #8)",Iain M. Banks,"Banks, Iain M.",,"=""1841494186""","=""9781841494180""",4,4.03,Orbit,Paperback,593,2008,2008,,2011/08/16,,,read,,,,,,,0,,,,,
112517,"Rama Revealed (Rama, #4)",Arthur C. Clarke,"Clarke, Arthur C.",Gentry Lee,"=""1857232526""","=""9781857232523""",0,3.71,,,512,,1993,,2011/08/16,,,read,,,,,,,0,,,,,
112518,"The Garden of Rama (Rama, #3)",Arthur C. Clarke,"Clarke, Arthur C.",Gentry Lee,"=""1857230213""","=""9781857230215""",0,3.76,Orbit,Mass Market Paperback,608,1993,1991,,2011/08/16,currently-reading,currently-reading (#3),currently-reading,,,,1,,,0,,,,,
63432,"3001: The Final Odyssey (Space Odyssey, #4)",Arthur C. Clarke,"Clarke, Arthur C.",,"=""0345438205""","=""9780345438201""",3,3.49,Del Rey,Paperback,272,1999,1997,,2011/08/16,,,read,,,,,,,0,,,,,
112520,"Rama II (Rama, #2)",Arthur C. Clarke,"Clarke, Arthur C.",Gentry Lee,"=""2290032042""","=""9782290032046""",0,3.66,J'ai lu,Paperback,480,1996,1989,2017/04/30,2011/08/16,,,read,,,,1,,,0,,,,,
35816,"2061: Odyssey Three (Space Odyssey, #3)",Arthur C. Clarke,"Clarke, Arthur C.",,"=""0586203192""","=""9780586203194""",3,3.51,Voyager,Paperback,302,1997,1987,,2011/08/16,,,read,,,,,,,0,,,,,
70539,"2010: Odyssey Two (Space Odyssey, #2)",Arthur C. Clarke,"Clarke, Arthur C.",,"=""0345413970""","=""9780345413970""",3,3.88,Del Rey,Paperback,320,1997,1982,,2011/08/16,,,read,,,,,,,0,,,,,
112537,"Rendezvous with Rama (Rama, #1)",Arthur C. Clarke,"Clarke, Arthur C.",,"=""1857231589""","=""9781857231588""",0,4.06,,Paperback,243,2000,1973,2016/08/30,2011/08/16,,,read,,,,,,,0,,,,,
126413,The Confederation Handbook,Peter F. Hamilton,"Hamilton, Peter F.",,"=""0446610275""","=""9780446610278""",0,3.57,Aspect,Paperback,304,2002,2000,,2011/08/16,,,read,,,,,,,0,,,,,
45248,Misspent Youth,Peter F. Hamilton,"Hamilton, Peter F.",,"=""0330480227""","=""9780330480222""",3,3.38,Pan,Paperback,439,2002,2002,,2011/08/16,,,read,,,,,,,0,,,,,
45250,"A Quantum Murder (Greg Mandel, #2)",Peter F. Hamilton,"Hamilton, Peter F.",,"=""0812555244""","=""9780812555240""",3,3.94,Tor Books,Mass Market Paperback,375,1998,1994,,2011/08/16,,,read,,,,,,,0,,,,,
45257,A Second Chance at Eden,Peter F. Hamilton,"Hamilton, Peter F.",,"=""0330351826""","=""9780330351829""",3,3.99,Pan Books,Mass Market Paperback,496,1999,1998,,2011/08/16,,,read,,,,,,,0,,,,,
45253,"Mindstar Rising (Greg Mandel, #1)",Peter F. Hamilton,"Hamilton, Peter F.",,"=""0812590562""","=""9780812590562""",4,3.90,Tor Books,Mass Market Paperback,432,1997,1993,,2011/08/16,,,read,,,,,,,0,,,,,
7438179,The Evolutionary Void,Peter F. Hamilton,"Hamilton, Peter F.",,"=""0345496574""","=""9780345496577""",3,4.25,Del Rey,Hardcover,694,2010,2009,,2011/08/16,,,read,,,,,,,0,,,,,
45258,Fallen Dragon,Peter F. Hamilton,"Hamilton, Peter F.",,"=""0330480065""","=""9780330480062""",4,4.05,Pan Publishing,Paperback,808,2002,2001,,2011/08/16,,,read,,,,,,,0,,,,,
3437328,The Temporal Void,Peter F. Hamilton,"Hamilton, Peter F.",,"=""1405088834""","=""9781405088831""",4,4.24,Macmillan,Hardcover,746,2008,2008,,2011/08/16,,,read,,,,,,,0,,,,,
479561,"The Neutronium Alchemist (Night's Dawn, #2)",Peter F. Hamilton,"Hamilton, Peter F.",,"=""0330351435""","=""9780330351430""",3,4.25,Pan Books,Paperback,1273,1998,1997,,2011/08/16,,,read,,,,,,,0,,,,,
45260,"The Naked God (Night's Dawn, #3)",Peter F. Hamilton,"Hamilton, Peter F.",,"=""0333725034""","=""9780333725030""",4,4.20,Macmillan,Paperback,1174,1999,1999,,2011/08/16,,,read,,,,,,,0,,,,,
45244,Judas Unchained,Peter F. Hamilton,"Hamilton, Peter F.",,"=""0345461665""","=""9780345461667""",4,4.30,Del Rey,Hardcover,827,2006,2006,,2011/08/16,,,read,,,,,,,0,,,,,
105,Chapterhouse: Dune (Dune Chronicles #6),Frank Herbert,"Herbert, Frank",,"=""0441102670""","=""9780441102679""",0,3.88,Ace Books,Mass Market Paperback,436,1987,1985,,2011/08/16,,,read,,,,,,,0,,,,,
117,Heretics of Dune (Dune Chronicles #5),Frank Herbert,"Herbert, Frank",,"=""0441328008""","=""9780441328000""",0,3.83,Ace Books,Mass Market Paperback,471,1987,1984,,2011/08/16,,,read,,,,,,,0,,,,,
42432,God Emperor of Dune (Dune Chronicles #4),Frank Herbert,"Herbert, Frank",,"=""0575075066""","=""9780575075061""",0,3.81,Victor Gollancz,Paperback,454,2003,1981,,2011/08/16,,,read,,,,,,,0,,,,,
112,Children of Dune (Dune Chronicles #3),Frank Herbert,"Herbert, Frank",,"=""0441104029""","=""9780441104024""",0,3.90,Ace Books,Mass Market Paperback,408,1987,1976,,2011/08/16,,,read,,,,,,,0,,,,,
106,Dune Messiah (Dune Chronicles #2),Frank Herbert,"Herbert, Frank",,"=""0441172695""","=""9780441172696""",0,3.85,Ace Books,Mass Market Paperback,331,1987,1969,,2011/08/16,,,read,,,,,,,0,,,,,
11289,The Rise of Endymion (Hyperion Cantos #4),Dan Simmons,"Simmons, Dan",,"=""0553572989""","=""9780553572988""",3,4.16,Spectra,Mass Market Paperback,709,1998,1997,,2011/08/16,,,read,,,,,,,0,,,,,
3977,Endymion (Hyperion Cantos #3),Dan Simmons,"Simmons, Dan",,"=""0553572946""","=""9780553572940""",3,4.14,Bantam Spectra,Mass Market Paperback,563,1996,1996,,2011/08/16,,,read,,,,,,,0,,,,,
96478,Kiln People,David Brin,"Brin, David",Beth Meacham,"=""0765342618""","=""9780765342614""",2,3.83,Tor Science Fiction,Mass Market Paperback,569,2002,2002,,2011/08/16,,,read,,,,,,,0,,,,,
101890,"Heaven's Reach (Uplift Storm Trilogy, #3)",David Brin,"Brin, David",,"=""0553574736""","=""9780553574739""",4,3.93,Spectra,Mass Market Paperback,557,1999,1998,,2011/08/16,,,read,,,,,,,0,,,,,
96475,"Infinity's Shore (Uplift Storm Trilogy, #2)",David Brin,"Brin, David",,"=""0553577778""","=""9780553577778""",4,3.95,Spectra,Paperback,644,1997,1996,,2011/08/16,,,read,,,,,,,0,,,,,
25059,"Brightness Reef (Uplift Storm Trilogy, #1)",David Brin,"Brin, David",,"=""0553573306""","=""9780553573305""",4,3.88,Spectra,Paperback,661,1996,1995,,2011/08/16,,,read,,,,,,,0,,,,,
96472,"Sundiver (The Uplift Saga, #1)",David Brin,"Brin, David",,"=""0553269828""","=""9780553269826""",4,3.65,Bantam Spectra,Paperback,340,2010,1980,,2011/08/16,,,read,,,,,,,0,,,,,
226004,"A Deepness in the Sky (Zones of Thought, #2)",Vernor Vinge,"Vinge, Vernor",,"=""0812536355""","=""9780812536355""",0,4.31,Tor Science Fiction,Mass Market Paperback,775,2000,1998,,2011/08/16,,,read,,,,,,,0,,,,,
12016,"Look to Windward (Culture, #7)",Iain M. Banks,"Banks, Iain M.",,"=""0743421922""","=""9780743421928""",3,4.16,Pocket Books/Simon & Schuster (NY),Paperback,496,2002,2000,,2011/08/16,,,read,,,,,,,0,,,,,
12013,"Excession (Culture, #5)",Iain M. Banks,"Banks, Iain M.",,"=""0553575376""","=""9780553575378""",5,4.19,Bantam Spectra (NY),Mass Market Paperback,499,1998,1996,2016/08/19,2011/08/16,,,read,,,,,,,0,,,,,
898232,"Hidden Empire (The Saga of Seven Suns, #1)",Kevin J. Anderson,"Anderson, Kevin J.",,"=""0446610577""","=""9780446610575""",3,3.76,Aspect,Paperback,672,2003,2002,,2011/08/16,,,read,,,,,,,0,,,,,
77711,"A Fire Upon the Deep (Zones of Thought, #1)",Vernor Vinge,"Vinge, Vernor",,"=""0812515285""","=""9780812515282""",0,4.13,Tor Science Fiction,Mass Market Paperback,613,1993,2000,,2011/08/16,,,read,,,,,,,0,,,,,
70535,"2001: A Space Odyssey (Space Odyssey, #1)",Arthur C. Clarke,"Clarke, Arthur C.",,"=""0451457994""","=""9780451457998""",4,4.11,Roc,Paperback,297,2000,1968,,2011/08/16,,,read,,,,,,,0,,,,,
45245,"The Reality Dysfunction (Night's Dawn, #1)",Peter F. Hamilton,"Hamilton, Peter F.",,"=""0330340328""","=""9780330340328""",4,4.14,Pan Books,Mass Market Paperback,1223,1997,1996,,2011/08/16,,,read,,,,,,,0,,,,,
234489,"The Uplift War (The Uplift Saga, #3)",David Brin,"Brin, David",,"=""0553279718""","=""9780553279719""",3,4.06,Spectra,Mass Market Paperback,638,1987,1987,,2011/08/16,,,read,,,,,,,0,,,,,
77565,"The Fall of Hyperion (Hyperion Cantos, #2)",Dan Simmons,"Simmons, Dan",,"=""0553288202""","=""9780553288209""",4,4.17,Spectra,Mass Market Paperback,517,1991,1990,,2011/08/16,,,read,,,,,,,0,,,,,
234501,"Startide Rising (The Uplift Saga, #2)",David Brin,"Brin, David",,"=""055327418X""","=""9780553274189""",3,4.04,Bantam Spectra,Mass Market Paperback,458,1983,1983,,2011/08/16,,,read,,,,,,,0,,,,,
1126719,House of Suns,Alastair Reynolds,"Reynolds, Alastair",,"=""0575099127""","=""9780575099128""",4,4.19,Gollancz,Paperback,512,2010,2008,,2011/08/16,,,read,,,,,,,0,,,,,
89187,Revelation Space,Alastair Reynolds,"Reynolds, Alastair",,"=""0441009425""","=""9780441009428""",0,3.96,Ace Books,Mass Market Paperback,585,2002,2000,,2011/08/16,,,read,,,,,,,0,,,,,
234225,Dune (Dune #1),Frank Herbert,"Herbert, Frank",,"=""0340839937""","=""9780340839935""",0,4.19,Hodder & Stoughton,Paperback,604,2006,1965,,2011/08/16,,,read,,,,,,,0,,,,,
77566,"Hyperion (Hyperion Cantos, #1)",Dan Simmons,"Simmons, Dan",,"=""0553283685""","=""9780553283686""",4,4.20,Bantam Spectra,Mass Market Paperback,482,1990,1989,,2011/08/16,,,read,,,,,,,0,,,,,
12009,The Algebraist,Iain M. Banks,"Banks, Iain M.",,"=""1597800449""","=""9781597800440""",3,3.99,Night Shade Books,Paperback,434,2006,2004,,2011/08/16,,,read,,,,,,,0,,,,,
866136,The Dreaming Void,Peter F. Hamilton,"Hamilton, Peter F.",,"=""0345496531""","=""9780345496539""",4,4.18,Del Rey,Hardcover,630,2008,2007,,2011/08/16,,,read,,,,,,,0,,,,,
45252,Pandora's Star,Peter F. Hamilton,"Hamilton, Peter F.",,"=""0345461622""","=""9780345461629""",4,4.23,Del Rey,Hardcover,768,2005,2004,,2011/08/16,,,read,,,,,,,0,,,,,
752461,"Eisenhorn (Eisenhorn, #1-3)",Dan Abnett,"Abnett, Dan",,"=""1844161560""","=""9781844161560""",3,4.40,Games Workshop,Paperback,768,2005,2004,,2011/08/16,,,read,,,,,,,0,,,,,
7141599,Star Quest,Stuart J. Byrne,"Byrne, Stuart J.",,"=""""","=""2940000098028""",4,3.33,Renaissance E Books,Nook,0,2006,2004,2011/10/10,2011/08/16,,,read,,,,,,,0,,,,,
8139064,Gateways,Elizabeth A. Hull,"Hull, Elizabeth A.",,"=""0765326620""","=""9780765326621""",3,3.64,Tor Books,Hardcover,416,2010,2010,2011/09/18,2011/08/16,,,read,,,,,,,0,,,,,
10435465,Mit smukke genom - Historier fra genetikkens overdrev,Lone Frank,"Frank, Lone",,"=""""","=""9788702081152""",3,3.89,Gyldendal,Hardcover,306,2010,2010,2011/10/10,2011/08/12,,,read,,,,,,,0,,,,,
346838,"The Collected Stories of Philip K. Dick, Volume 1: Beyond Lies the Wub",Philip K. Dick,"Dick, Philip K.",Roger Zelazny,"=""1857988795""","=""9781857988796""",0,4.13,Millennium / Orion,Paperback,404,1999,1987,,2011/07/26,,,read,,,,,,,0,,,,,
1006560,Chasm City,Alastair Reynolds,"Reynolds, Alastair",,"=""0575073659""","=""9780575073654""",0,4.12,Gollancz,Paperback,528,2002,2001,,2011/07/26,,,read,,,,,,,0,,,,,
12007,"Use of Weapons (Culture, #3)",Iain M. Banks,"Banks, Iain M.",,"=""185723135X""","=""9781857231359""",3,4.18,Orbit,Paperback,411,1992,1990,,2011/06/26,,,read,,,,,,,0,,,,,
8935689,"Consider Phlebas (Culture, #1)",Iain M. Banks,"Banks, Iain M.",,"=""1857231384""","=""9781857231380""",4,3.85,Orbit,Paperback,471,2005,1987,,2011/06/26,,,read,,,,,,,0,,,,,
12012,"The Player of Games (Culture, #2)",Iain M. Banks,"Banks, Iain M.",,"=""1857231465""","=""9781857231465""",4,4.26,Orbit,Paperback,309,1989,1988,,2011/06/26,,,read,,,,,,,0,,,,,
161296,Schismatrix Plus,Bruce Sterling,"Sterling, Bruce",,"=""0441003702""","=""9780441003709""",4,3.94,Ace,Paperback,336,1996,1995,2011/09/01,2011/05/30,,,read,,,,,,,0,,,,,
377265,"Legacy (The Way, #3)",Greg Bear,"Bear, Greg",,"=""0812524810""","=""9780812524819""",3,3.77,Tor Science Fiction,Mass Market Paperback,480,1996,1994,2011/08/16,2011/05/15,,,read,,,,,,,0,,,,,
116121,"Eternity (The Way, #2)",Greg Bear,"Bear, Greg",,"=""0446601888""","=""9780446601887""",3,3.87,Aspect,Paperback,367,1994,1988,2011/07/26,2011/05/15,,,read,,,,,,,0,,,,,
840278,"Eon (The Way, #1)",Greg Bear,"Bear, Greg",,"=""0812520475""","=""9780812520477""",4,3.86,Tor Science Fiction,Paperback,512,1991,1984,2011/06/26,2011/05/15,,,read,,,,,,,0,,,,,
